,size,avg_age,avg_job_level,avg_years_at_company,avg_promotion_gap_ratio,avg_role_stagnation,avg_training_intensity,avg_career_velocity,attrition_rate,avg_income,ClusterLabel
0,907.0,34.667034178610805,1.5854465270121278,4.092613009922823,0.23728092954946067,0.5480647085444713,1.1053369584107946,1103.1558211660065,19.073869900771776,4618.071664829107,Fast-Track Performers
1,520.0,41.30576923076923,2.9423076923076925,12.673076923076923,0.4065896623825733,0.6786316243417154,0.2961469242002439,0.32620714288244623,9.423076923076923,9983.9,Promotion-Stalled Employees
2,43.0,31.53488372093023,1.5348837209302326,0.0,0.0,0.0,3325581.395348837,1534883.7209302327,34.883720930232556,4164.883720930233,Fast-Track Performers
